,MODE,VEC_SIZE,TIME_MS
0,BLOCK16,10,4.2000000000000004e-05
1,BLOCK16,15,4.4e-05
2,BLOCK16,20,4.02e-05
3,BLOCK16,25,3.2000000000000005e-05
4,BLOCK16,30,3.8e-05
5,BLOCK16,35,4e-05
6,BLOCK16,40,3.84e-05
7,BLOCK16,45,4e-05
8,BLOCK16,50,5.22e-05
9,BLOCK16,55,4.8e-05
10,BLOCK16,60,4.6e-05
11,BLOCK16,65,4.82e-05
12,BLOCK16,70,5.2000000000000004e-05
13,BLOCK16,75,4.8e-05
14,BLOCK16,80,4.8e-05
15,BLOCK16,85,6.22e-05
16,BLOCK16,90,5e-05
17,BLOCK16,95,5e-05
18,BLOCK16,100,6.000000000000001e-05
19,BLOCK16,105,5.2000000000000004e-05
20,BLOCK16,110,5.6000000000000006e-05
21,BLOCK16,115,6.2e-05
22,BLOCK16,120,6.199999999999999e-05
23,BLOCK16,125,5.599999999999999e-05
24,BLOCK16,131,7.219999999999999e-05
25,BLOCK16,137,6.02e-05
26,BLOCK16,143,5.4e-05
27,BLOCK16,150,6.22e-05
28,BLOCK16,157,5.599999999999999e-05
29,BLOCK16,164,6.6e-05
30,BLOCK16,172,6.400000000000001e-05
31,BLOCK16,180,6.6e-05
32,BLOCK16,188,5.42e-05
33,BLOCK16,197,5.8e-05
34,BLOCK16,206,5.599999999999999e-05
35,BLOCK16,216,5.2000000000000004e-05
36,BLOCK16,226,6.2e-05
37,BLOCK16,237,6.6e-05
38,BLOCK16,248,6.6e-05
39,BLOCK16,260,5.62e-05
40,BLOCK16,272,5.2000000000000004e-05
41,BLOCK16,285,5.6000000000000006e-05
42,BLOCK16,299,5.42e-05
43,BLOCK16,313,6.6e-05
44,BLOCK16,328,5.8e-05
45,BLOCK16,344,6.000000000000001e-05
46,BLOCK16,361,6.2e-05
47,BLOCK16,379,6.42e-05
48,BLOCK16,397,6.2e-05
49,BLOCK16,416,5.42e-05
50,BLOCK16,436,6.000000000000001e-05
51,BLOCK16,457,6.02e-05
52,BLOCK16,479,5.9999999999999995e-05
53,BLOCK16,502,6.64e-05
54,BLOCK16,527,5.9999999999999995e-05
55,BLOCK16,553,5.9999999999999995e-05
56,BLOCK16,580,7.6e-05
57,BLOCK16,609,6.8e-05
58,BLOCK16,639,6.86e-05
59,BLOCK16,670,7.02e-05
60,BLOCK16,703,6.6e-05
61,BLOCK16,738,7.82e-05
62,BLOCK16,774,7.22e-05
63,BLOCK16,812,7.02e-05
64,BLOCK16,852,6.8e-05
65,BLOCK16,894,7.02e-05
66,BLOCK16,938,7.42e-05
67,BLOCK16,984,7.6e-05
68,BLOCK16,1033,8.6e-05
69,BLOCK16,1084,9.02e-05
70,BLOCK16,1138,8.22e-05
71,BLOCK16,1194,8.200000000000001e-05
72,BLOCK16,1253,9.2e-05
73,BLOCK16,1315,9.02e-05
74,BLOCK16,1380,0.0001082
75,BLOCK16,1448,0.00010020000000000001
76,BLOCK16,1520,0.0001026
77,BLOCK16,1596,0.00012000000000000002
78,BLOCK16,1675,0.00010040000000000001
79,BLOCK16,1758,0.00011
80,BLOCK16,1845,0.0001042
81,BLOCK16,1937,0.00011200000000000001
82,BLOCK16,2033,0.0001282
83,BLOCK16,2134,0.0001242
84,BLOCK16,2240,0.00012639999999999998
85,BLOCK16,2351,0.00013680000000000002
86,BLOCK16,2468,0.0001402
87,BLOCK16,2591,0.0001422
88,BLOCK16,2720,0.0001542
89,BLOCK16,2856,0.000158
90,BLOCK16,2998,0.0001506
91,BLOCK16,3147,0.00018640000000000003
92,BLOCK16,3304,0.00016
93,BLOCK16,3469,0.000194
94,BLOCK16,3642,0.0001822
95,BLOCK16,3824,0.0001888
96,BLOCK16,4015,0.0002248
97,BLOCK16,4215,0.00020639999999999998
98,BLOCK16,4425,0.00021020000000000001
99,BLOCK16,4646,0.000215
100,BLOCK16,4878,0.0002306
101,BLOCK16,5121,0.0002646
102,BLOCK16,5377,0.0002526
103,BLOCK16,5645,0.0002584
104,BLOCK16,5927,0.0002726
105,BLOCK16,6223,0.0002726
106,BLOCK16,6534,0.00032260000000000004
107,BLOCK16,6860,0.0002924
108,BLOCK16,7202,0.0003204
109,BLOCK16,7562,0.0003566
110,BLOCK16,7940,0.0003506
111,BLOCK16,8337,0.0003688
112,BLOCK16,8753,0.000401
113,BLOCK16,9190,0.0004208
114,BLOCK16,9649,0.00041660000000000004
115,BLOCK16,10131,0.0004382
116,BLOCK16,10637,0.00048120000000000004
117,BLOCK16,11168,0.00047080000000000006
118,BLOCK16,11726,0.000543
119,BLOCK16,12312,0.0005472000000000001
120,BLOCK16,12927,0.000609
121,BLOCK16,13573,0.0005549999999999999
122,BLOCK16,14251,0.0006512
123,BLOCK16,14963,0.0006793999999999999
124,BLOCK16,15711,0.0007414
125,BLOCK16,16496,0.0007172
126,BLOCK16,17320,0.0006772
127,BLOCK16,18186,0.0007811999999999999
128,BLOCK16,19095,0.0007436
129,BLOCK16,20049,0.0008213999999999999
130,BLOCK16,21051,0.0008175999999999999
131,BLOCK16,22103,0.0009316
132,BLOCK16,23208,0.001026
133,BLOCK16,24368,0.0009780000000000001
134,BLOCK16,25586,0.0010862
135,BLOCK16,26865,0.0012368000000000001
136,BLOCK16,28208,0.0011264
137,BLOCK16,29618,0.0012422
138,BLOCK16,31098,0.0012424
139,BLOCK16,32652,0.0013024
140,BLOCK16,34284,0.0013002
141,BLOCK16,35998,0.0015712
142,BLOCK16,37797,0.0016468
143,BLOCK16,39686,0.0017272
144,BLOCK16,41670,0.0018156
145,BLOCK16,43753,0.0018896
146,BLOCK16,45940,0.0018092
147,BLOCK16,48236,0.00199
148,BLOCK16,50647,0.0019916
149,BLOCK16,53179,0.0023084
150,BLOCK16,55837,0.0023024
151,BLOCK16,58628,0.0023422
152,BLOCK16,61559,0.002583
153,BLOCK16,64636,0.0025588
154,BLOCK16,67867,0.002531
155,BLOCK16,71260,0.0030736
156,BLOCK16,74822,0.0032042
157,BLOCK16,78563,0.003218
158,BLOCK16,82491,0.0032242
159,BLOCK16,86615,0.0033
160,BLOCK16,90945,0.004051600000000001
161,BLOCK16,95492,0.0036288
162,BLOCK16,100266,0.0037792
163,BLOCK16,105279,0.0041154
164,BLOCK16,110542,0.0044288
165,BLOCK16,116069,0.004853
166,BLOCK16,121872,0.0048174
167,BLOCK16,127965,0.0053082
168,BLOCK16,134363,0.0053863999999999995
169,BLOCK16,141081,0.005865
170,BLOCK16,148135,0.0057832000000000005
171,BLOCK16,155541,0.0069072
172,BLOCK16,163318,0.0067852
173,BLOCK16,171483,0.006451999999999999
174,BLOCK16,180057,0.007474400000000001
175,BLOCK16,189059,0.0070634
176,BLOCK16,198511,0.00852
177,BLOCK16,208436,0.009051
178,BLOCK16,218857,0.0097384
179,BLOCK16,229799,0.009490000000000002
180,BLOCK16,241288,0.0110426
181,BLOCK16,253352,0.0104416
182,BLOCK16,266019,0.0107946
183,BLOCK16,279319,0.0122272
184,BLOCK16,293284,0.0128724
185,BLOCK16,307948,0.0129822
186,BLOCK16,323345,0.016720000000000002
187,BLOCK16,339512,0.012868399999999999
188,BLOCK16,356487,0.020238600000000002
189,BLOCK16,374311,0.0186032
190,BLOCK16,393026,0.0183188
191,BLOCK16,412677,0.0169802
192,BLOCK16,433310,0.0177418
193,BLOCK16,454975,0.0205568
194,BLOCK16,477723,0.022172400000000002
195,BLOCK16,501609,0.0215488
196,BLOCK16,526689,0.031000800000000002
197,BLOCK16,553023,0.024490400000000002
198,BLOCK16,580674,0.0254602
199,BLOCK16,609707,0.02632
200,BLOCK16,640192,0.025821
201,BLOCK16,672201,0.0291972
202,BLOCK16,705811,0.029365799999999997
203,BLOCK16,741101,0.0330104
204,BLOCK16,778156,0.0376456
205,BLOCK16,817063,0.0393624
206,BLOCK16,857916,0.0370864
207,BLOCK16,900811,0.0410376
208,BLOCK16,945851,0.0393986
209,BLOCK16,993143,0.056202600000000005
210,BLOCK16,1042800,0.0467864
211,BLOCK16,1094940,0.0438032
212,BLOCK16,1149687,0.060316400000000006
213,BLOCK16,1207171,0.05761959999999999
214,BLOCK16,1267529,0.0511592
215,BLOCK16,1330905,0.0621614
216,BLOCK16,1397450,0.07702
217,BLOCK16,1467322,0.06721540000000001
218,BLOCK16,1540688,0.06904479999999999
219,BLOCK16,1617722,0.078238
220,BLOCK16,1698608,0.073519
221,BLOCK16,1783538,0.0782304
222,BLOCK16,1872714,0.08143
223,BLOCK16,1966349,0.085614
224,BLOCK16,2064666,0.0953948
225,BLOCK16,2167899,0.0873516
226,BLOCK16,2276293,0.1007428
227,BLOCK16,2390107,0.1365828
228,BLOCK16,2509612,0.1161422
229,BLOCK16,2635092,0.1272954
230,BLOCK16,2766846,0.14250020000000002
231,BLOCK16,2905188,0.16983379999999998
232,BLOCK16,3050447,0.16007339999999998
233,BLOCK16,3202969,0.1649946
234,BLOCK16,3363117,0.1607286
235,BLOCK16,3531272,0.18916439999999998
236,BLOCK16,3707835,0.22304859999999999
237,BLOCK16,3893226,0.21381679999999997
238,BLOCK16,4087887,0.2504444
239,BLOCK16,4292281,0.276394
240,BLOCK16,4506895,0.2635858
241,BLOCK16,4732239,0.2763416
242,BLOCK16,4968850,0.268437
243,BLOCK16,5217292,0.3110632
244,BLOCK16,5478156,0.347166
245,BLOCK16,5752063,0.413267
246,BLOCK16,6039666,0.3968664
247,BLOCK16,6341649,0.44784880000000005
248,BLOCK16,6658731,0.5405926
249,BLOCK16,6991667,0.5859762
250,BLOCK16,7341250,0.5648704
251,BLOCK16,7708312,0.6224556
252,BLOCK16,8093727,0.6791814
253,BLOCK16,8498413,0.7196078
254,BLOCK16,8923333,0.7719008
255,BLOCK16,9369499,0.8306822
256,BLOCK16,9837973,0.8390096
257,BLOCK16,10329871,1.0234456
258,BLOCK16,10846364,0.9567893999999999
259,BLOCK16,11388682,0.9558052
260,BLOCK16,11958116,1.1717886
261,BLOCK16,12556021,1.2054798
262,BLOCK16,13183822,1.3088962
263,BLOCK16,13843013,1.2845882
264,BLOCK16,14535163,1.5033096000000001
265,BLOCK16,15261921,1.6101155999999999
266,BLOCK16,16025017,1.5894688000000001
267,BLOCK16,16826267,1.6974177999999998
268,BLOCK16,17667580,1.8597268
269,BLOCK16,18550958,2.034426
270,BLOCK16,19478505,2.0623086
271,BLOCK16,20452430,2.0281938
272,BLOCK16,21475051,2.2032398
273,BLOCK16,22548803,2.3552698
274,BLOCK16,23676243,2.3222188
275,BLOCK16,24860055,2.5327352
276,BLOCK16,26103057,2.7286886
277,BLOCK16,27408209,2.8069588
278,BLOCK16,28778619,3.0051318
279,BLOCK16,30217549,3.0552432
280,BLOCK16,31728426,3.158652
281,BLOCK16,33314847,3.2278627999999996
282,BLOCK16,34980589,3.5181018
283,BLOCK16,36729618,3.5433044000000002
284,BLOCK16,38566098,3.8406295999999998
285,BLOCK16,40494402,3.9208008
286,BLOCK16,42519122,4.2196354
287,BLOCK16,44645078,4.2953658
288,BLOCK16,46877331,4.421046
289,BLOCK16,49221197,4.585761
290,BLOCK16,51682256,4.7784835999999995
291,BLOCK16,54266368,5.1164912000000005
292,BLOCK16,56979686,5.248674599999999
293,BLOCK16,59828670,5.3198786
294,BLOCK16,62820103,5.5984946
295,BLOCK16,65961108,6.3182778
296,BLOCK16,69259163,6.4516424
297,BLOCK16,72722121,6.793121600000001
298,BLOCK16,76358227,6.879703600000001
299,BLOCK16,80176138,7.2552548
300,BLOCK16,84184944,7.406781
301,BLOCK16,88394191,7.8120588
302,BLOCK16,92813900,8.2499538
303,BLOCK16,97454594,8.6571624
304,BLOCK2,10,4.24e-05
305,BLOCK2,15,8.620000000000001e-05
306,BLOCK2,20,7.620000000000001e-05
307,BLOCK2,25,9.6e-05
308,BLOCK2,30,8.04e-05
309,BLOCK2,35,3.0000000000000004e-05
310,BLOCK2,40,3.8e-05
311,BLOCK2,45,3.4e-05
312,BLOCK2,50,3.4e-05
313,BLOCK2,55,6.02e-05
314,BLOCK2,60,5.2400000000000007e-05
315,BLOCK2,65,5.2400000000000007e-05
316,BLOCK2,70,5.020000000000001e-05
317,BLOCK2,75,6.0400000000000004e-05
318,BLOCK2,80,5.8e-05
319,BLOCK2,85,5.4e-05
320,BLOCK2,90,5.4e-05
321,BLOCK2,95,6.2e-05
322,BLOCK2,100,5.6000000000000006e-05
323,BLOCK2,105,7.6e-05
324,BLOCK2,110,4.6e-05
325,BLOCK2,115,5.8e-05
326,BLOCK2,120,6.6e-05
327,BLOCK2,125,8.24e-05
328,BLOCK2,131,7.620000000000001e-05
329,BLOCK2,137,7.219999999999999e-05
330,BLOCK2,143,8.6e-05
331,BLOCK2,150,5.9999999999999995e-05
332,BLOCK2,157,6.42e-05
333,BLOCK2,164,7.2e-05
334,BLOCK2,172,9.42e-05
335,BLOCK2,180,7.4e-05
336,BLOCK2,188,9.22e-05
337,BLOCK2,197,9.240000000000001e-05
338,BLOCK2,206,7.4e-05
339,BLOCK2,216,0.0001062
340,BLOCK2,226,0.0001362
341,BLOCK2,237,8.620000000000001e-05
342,BLOCK2,248,0.00011200000000000001
343,BLOCK2,260,0.00010020000000000001
344,BLOCK2,272,0.0001042
345,BLOCK2,285,0.00011820000000000001
346,BLOCK2,299,0.00010400000000000001
347,BLOCK2,313,0.0001222
348,BLOCK2,328,0.00011839999999999999
349,BLOCK2,344,0.000126
350,BLOCK2,361,0.0001366
351,BLOCK2,379,0.000132
352,BLOCK2,397,0.00016020000000000002
353,BLOCK2,416,0.00017
354,BLOCK2,436,0.0001762
355,BLOCK2,457,0.0001542
356,BLOCK2,479,0.0001722
357,BLOCK2,502,0.0001922
358,BLOCK2,527,0.0001922
359,BLOCK2,553,0.00019060000000000003
360,BLOCK2,580,0.00022260000000000002
361,BLOCK2,609,0.00020040000000000002
362,BLOCK2,639,0.00023040000000000002
363,BLOCK2,670,0.0002284
364,BLOCK2,703,0.0002408
365,BLOCK2,738,0.0002686
366,BLOCK2,774,0.0002808
367,BLOCK2,812,0.00028879999999999997
368,BLOCK2,852,0.0002948
369,BLOCK2,894,0.0003004
370,BLOCK2,938,0.00034480000000000003
371,BLOCK2,984,0.0003004
372,BLOCK2,1033,0.0003608
373,BLOCK2,1084,0.0003524
374,BLOCK2,1138,0.0003644
375,BLOCK2,1194,0.0004364
376,BLOCK2,1253,0.00043040000000000005
377,BLOCK2,1315,0.00041480000000000005
378,BLOCK2,1380,0.0005092
379,BLOCK2,1448,0.0005234
380,BLOCK2,1520,0.0005250000000000001
381,BLOCK2,1596,0.000577
382,BLOCK2,1675,0.000531
383,BLOCK2,1758,0.000529
384,BLOCK2,1845,0.0006736
385,BLOCK2,1937,0.0006414
386,BLOCK2,2033,0.000633
387,BLOCK2,2134,0.0006914
388,BLOCK2,2240,0.0007574
389,BLOCK2,2351,0.0007154
390,BLOCK2,2468,0.0007733999999999999
391,BLOCK2,2591,0.0008458000000000001
392,BLOCK2,2720,0.000946
393,BLOCK2,2856,0.0009358
394,BLOCK2,2998,0.0010358
395,BLOCK2,3147,0.0010922
396,BLOCK2,3304,0.0011466
397,BLOCK2,3469,0.0010259999999999998
398,BLOCK2,3642,0.0010780000000000002
399,BLOCK2,3824,0.0013566
400,BLOCK2,4015,0.0013166
401,BLOCK2,4215,0.0013063999999999999
402,BLOCK2,4425,0.0015907999999999999
403,BLOCK2,4646,0.0014487999999999999
404,BLOCK2,4878,0.0015228
405,BLOCK2,5121,0.001663
406,BLOCK2,5377,0.0016771999999999998
407,BLOCK2,5645,0.0081454
408,BLOCK2,5927,0.0019356000000000002
409,BLOCK2,6223,0.0019378
410,BLOCK2,6534,0.0021298000000000003
411,BLOCK2,6860,0.002104
412,BLOCK2,7202,0.0024486
413,BLOCK2,7562,0.0024526
414,BLOCK2,7940,0.0026968
415,BLOCK2,8337,0.002709
416,BLOCK2,8753,0.0029616
417,BLOCK2,9190,0.0033844
418,BLOCK2,9649,0.0029758
419,BLOCK2,10131,0.0031358
420,BLOCK2,10637,0.0034766
421,BLOCK2,11168,0.003673
422,BLOCK2,11726,0.0039576
423,BLOCK2,12312,0.0036148
424,BLOCK2,12927,0.00418
425,BLOCK2,13573,0.0041942
426,BLOCK2,14251,0.0046428
427,BLOCK2,14963,0.0048408
428,BLOCK2,15711,0.0048414
429,BLOCK2,16496,0.0053358
430,BLOCK2,17320,0.0053362
431,BLOCK2,18186,0.0056004
432,BLOCK2,19095,0.005945000000000001
433,BLOCK2,20049,0.006314
434,BLOCK2,21051,0.0074422
435,BLOCK2,22103,0.0074481999999999994
436,BLOCK2,23208,0.0071416000000000006
437,BLOCK2,24368,0.0074864
438,BLOCK2,25586,0.007520399999999999
439,BLOCK2,26865,0.0083538
440,BLOCK2,28208,0.0091112
441,BLOCK2,29618,0.0099668
442,BLOCK2,31098,0.0095642
443,BLOCK2,32652,0.0109928
444,BLOCK2,34284,0.011542
445,BLOCK2,35998,0.010553799999999999
446,BLOCK2,37797,0.011616
447,BLOCK2,39686,0.011640000000000001
448,BLOCK2,41670,0.013483600000000002
449,BLOCK2,43753,0.014968
450,BLOCK2,45940,0.014152599999999998
451,BLOCK2,48236,0.016932
452,BLOCK2,50647,0.0170322
453,BLOCK2,53179,0.0172846
454,BLOCK2,55837,0.0195912
455,BLOCK2,58628,0.0181742
456,BLOCK2,61559,0.019076
457,BLOCK2,64636,0.019895799999999998
458,BLOCK2,67867,0.0219998
459,BLOCK2,71260,0.024294
460,BLOCK2,74822,0.023224
461,BLOCK2,78563,0.0254502
462,BLOCK2,82491,0.025373800000000002
463,BLOCK2,86615,0.0278686
464,BLOCK2,90945,0.0344294
465,BLOCK2,95492,0.030924600000000003
466,BLOCK2,100266,0.033776
467,BLOCK2,105279,0.035389199999999996
468,BLOCK2,110542,0.035643400000000006
469,BLOCK2,116069,0.035627599999999995
470,BLOCK2,121872,0.0441778
471,BLOCK2,127965,0.0373948
472,BLOCK2,134363,0.0434282
473,BLOCK2,141081,0.0453422
474,BLOCK2,148135,0.045456199999999995
475,BLOCK2,155541,0.0577352
476,BLOCK2,163318,0.0550864
477,BLOCK2,171483,0.0577616
478,BLOCK2,180057,0.0555132
479,BLOCK2,189059,0.0698702
480,BLOCK2,198511,0.0638672
481,BLOCK2,208436,0.0670756
482,BLOCK2,218857,0.07573540000000001
483,BLOCK2,229799,0.07274359999999999
484,BLOCK2,241288,0.08105359999999999
485,BLOCK2,253352,0.0861712
486,BLOCK2,266019,0.0914852
487,BLOCK2,279319,0.093872
488,BLOCK2,293284,0.0995326
489,BLOCK2,307948,0.099162
490,BLOCK2,323345,0.1237042
491,BLOCK2,339512,0.11991099999999999
492,BLOCK2,356487,0.11774719999999998
493,BLOCK2,374311,0.1498956
494,BLOCK2,393026,0.128674
495,BLOCK2,412677,0.1370836
496,BLOCK2,433310,0.1483212
497,BLOCK2,454975,0.153064
498,BLOCK2,477723,0.1481704
499,BLOCK2,501609,0.1695334
500,BLOCK2,526689,0.2065038
501,BLOCK2,553023,0.1845316
502,BLOCK2,580674,0.1883246
503,BLOCK2,609707,0.200065
504,BLOCK2,640192,0.2158912
505,BLOCK2,672201,0.24657520000000002
506,BLOCK2,705811,0.21106180000000002
507,BLOCK2,741101,0.2313482
508,BLOCK2,778156,0.31655540000000004
509,BLOCK2,817063,0.2529754
510,BLOCK2,857916,0.3100104
511,BLOCK2,900811,0.28821599999999997
512,BLOCK2,945851,0.3444172
513,BLOCK2,993143,0.3424968
514,BLOCK2,1042800,0.3474716
515,BLOCK2,1094940,0.3567478
516,BLOCK2,1149687,0.3587516
517,BLOCK2,1207171,0.3869068
518,BLOCK2,1267529,0.39064
519,BLOCK2,1330905,0.4564088
520,BLOCK2,1397450,0.497543
521,BLOCK2,1467322,0.44986820000000005
522,BLOCK2,1540688,0.4898682
523,BLOCK2,1617722,0.5330820000000001
524,BLOCK2,1698608,0.5213578
525,BLOCK2,1783538,0.6603728
526,BLOCK2,1872714,0.5872404
527,BLOCK2,1966349,0.6682482000000001
528,BLOCK2,2064666,0.6649478
529,BLOCK2,2167899,0.7106201999999999
530,BLOCK2,2276293,0.7517282
531,BLOCK2,2390107,0.7591044
532,BLOCK2,2509612,0.7804226
533,BLOCK2,2635092,0.8235621999999999
534,BLOCK2,2766846,0.8554326
535,BLOCK2,2905188,0.896847
536,BLOCK2,3050447,0.94483
537,BLOCK2,3202969,0.973793
538,BLOCK2,3363117,1.1383184
539,BLOCK2,3531272,1.1345432
540,BLOCK2,3707835,1.1651394
541,BLOCK2,3893226,1.1914672
542,BLOCK2,4087887,1.2457978
543,BLOCK2,4292281,1.30603
544,BLOCK2,4506895,1.3971016
545,BLOCK2,4732239,1.4582494000000001
546,BLOCK2,4968850,1.5463446
547,BLOCK2,5217292,1.7156502
548,BLOCK2,5478156,1.7445903999999999
549,BLOCK2,5752063,1.8906622
550,BLOCK2,6039666,1.8846756
551,BLOCK2,6341649,1.9782148
552,BLOCK2,6658731,2.0628058
553,BLOCK2,6991667,2.1909842
554,BLOCK2,7341250,2.3859192
555,BLOCK2,7708312,2.6528922
556,BLOCK2,8093727,2.6011532
557,BLOCK2,8498413,2.6419255999999995
558,BLOCK2,8923333,2.8536386
559,BLOCK2,9369499,2.9498678000000003
560,BLOCK2,9837973,3.1049841999999996
561,BLOCK2,10329871,3.2081232
562,BLOCK2,10846364,3.524354
563,BLOCK2,11388682,3.6906101999999996
564,BLOCK2,11958116,3.7378082
565,BLOCK2,12556021,4.3159486000000005
566,BLOCK2,13183822,4.1202282
567,BLOCK2,13843013,4.4321088
568,BLOCK2,14535163,4.5432596
569,BLOCK2,15261921,4.7709285999999995
570,BLOCK2,16025017,4.962048
571,BLOCK2,16826267,5.341136199999999
572,BLOCK2,17667580,5.978802
573,BLOCK2,18550958,6.31836
574,BLOCK2,19478505,6.5125148
575,BLOCK2,20452430,6.6074194
576,BLOCK2,21475051,6.9998482
577,BLOCK2,22548803,7.2816034
578,BLOCK2,23676243,7.7891189999999995
579,BLOCK2,24860055,7.8998534000000005
580,BLOCK2,26103057,8.4559268
581,BLOCK2,27408209,8.9525922
582,BLOCK2,28778619,9.0588932
583,BLOCK2,30217549,9.4757252
584,BLOCK2,31728426,10.4719184
585,BLOCK2,33314847,11.131394
586,BLOCK2,34980589,11.316367
587,BLOCK2,36729618,11.6688972
588,BLOCK2,38566098,12.367112
589,BLOCK2,40494402,13.029190599999998
590,BLOCK2,42519122,13.876481000000002
591,BLOCK2,44645078,13.9717244
592,BLOCK2,46877331,14.862233600000001
593,BLOCK2,49221197,15.8389624
594,BLOCK2,51682256,17.153332799999998
595,BLOCK2,54266368,17.3265846
596,BLOCK2,56979686,18.7515894
597,BLOCK2,59828670,19.8965422
598,BLOCK2,62820103,19.9850804
599,BLOCK2,65961108,21.1083536
600,BLOCK2,69259163,22.186798
601,BLOCK2,72722121,23.749771799999998
602,BLOCK2,76358227,24.779732799999998
603,BLOCK2,80176138,26.802053
604,BLOCK2,84184944,27.218850800000002
605,BLOCK2,88394191,28.6384734
606,BLOCK2,92813900,29.183272799999997
607,BLOCK2,97454594,32.2508986
608,BLOCK4,10,7.42e-05
609,BLOCK4,15,7.219999999999999e-05
610,BLOCK4,20,6.8e-05
611,BLOCK4,25,0.0001142
612,BLOCK4,30,7e-05
613,BLOCK4,35,7.199999999999999e-05
614,BLOCK4,40,0.0001082
615,BLOCK4,45,0.00012820000000000003
616,BLOCK4,50,0.0001082
617,BLOCK4,55,0.0001502
618,BLOCK4,60,6.6e-05
619,BLOCK4,65,6.220000000000001e-05
620,BLOCK4,70,6.6e-05
621,BLOCK4,75,7.000000000000001e-05
622,BLOCK4,80,6.6e-05
623,BLOCK4,85,6.4e-05
624,BLOCK4,90,8.6e-05
625,BLOCK4,95,6.220000000000001e-05
626,BLOCK4,100,6.000000000000001e-05
627,BLOCK4,105,6.8e-05
628,BLOCK4,110,6.42e-05
629,BLOCK4,115,6.4e-05
630,BLOCK4,120,8.999999999999999e-05
631,BLOCK4,125,7.199999999999999e-05
632,BLOCK4,131,6.220000000000001e-05
633,BLOCK4,137,8.42e-05
634,BLOCK4,143,7.4e-05
635,BLOCK4,150,0.00010219999999999999
636,BLOCK4,157,0.000108
637,BLOCK4,164,8.6e-05
638,BLOCK4,172,7.999999999999999e-05
639,BLOCK4,180,7.8e-05
640,BLOCK4,188,0.00011220000000000002
641,BLOCK4,197,8.82e-05
642,BLOCK4,206,9.2e-05
643,BLOCK4,216,8.82e-05
644,BLOCK4,226,9.02e-05
645,BLOCK4,237,0.0001402
646,BLOCK4,248,9.42e-05
647,BLOCK4,260,9.04e-05
648,BLOCK4,272,9.04e-05
649,BLOCK4,285,8.840000000000001e-05
650,BLOCK4,299,0.00010020000000000001
651,BLOCK4,313,8.420000000000001e-05
652,BLOCK4,328,0.000106
653,BLOCK4,344,9.44e-05
654,BLOCK4,361,0.0001186
655,BLOCK4,379,9.82e-05
656,BLOCK4,397,0.000116
657,BLOCK4,416,0.00012639999999999998
658,BLOCK4,436,0.00010020000000000001
659,BLOCK4,457,0.00015020000000000002
660,BLOCK4,479,0.00018600000000000002
661,BLOCK4,502,0.00014
662,BLOCK4,527,0.00013260000000000002
663,BLOCK4,553,0.000144
664,BLOCK4,580,0.0001446
665,BLOCK4,609,0.0001644
666,BLOCK4,639,0.0001362
667,BLOCK4,670,0.0001766
668,BLOCK4,703,0.0001802
669,BLOCK4,738,0.000176
670,BLOCK4,774,0.0002104
671,BLOCK4,812,0.00019820000000000002
672,BLOCK4,852,0.00017240000000000002
673,BLOCK4,894,0.00020639999999999998
674,BLOCK4,938,0.000198
675,BLOCK4,984,0.00020639999999999998
676,BLOCK4,1033,0.0002382
677,BLOCK4,1084,0.0002164
678,BLOCK4,1138,0.0002666
679,BLOCK4,1194,0.00026440000000000003
680,BLOCK4,1253,0.0002546
681,BLOCK4,1315,0.00026440000000000003
682,BLOCK4,1380,0.00028879999999999997
683,BLOCK4,1448,0.00032859999999999996
684,BLOCK4,1520,0.0002706
685,BLOCK4,1596,0.0002944
686,BLOCK4,1675,0.0003288
687,BLOCK4,1758,0.0003428
688,BLOCK4,1845,0.000379
689,BLOCK4,1937,0.0003768
690,BLOCK4,2033,0.00043099999999999996
691,BLOCK4,2134,0.0004048
692,BLOCK4,2240,0.00043480000000000005
693,BLOCK4,2351,0.0005092
694,BLOCK4,2468,0.00046300000000000003
695,BLOCK4,2591,0.0005093999999999999
696,BLOCK4,2720,0.0004890000000000001
697,BLOCK4,2856,0.000557
698,BLOCK4,2998,0.0005452
699,BLOCK4,3147,0.0006452000000000001
700,BLOCK4,3304,0.0007354
701,BLOCK4,3469,0.0007314
702,BLOCK4,3642,0.0006709999999999999
703,BLOCK4,3824,0.0006832
704,BLOCK4,4015,0.0008574
705,BLOCK4,4215,0.0009256000000000001
706,BLOCK4,4425,0.0009257999999999998
707,BLOCK4,4646,0.00089
708,BLOCK4,4878,0.0009618
709,BLOCK4,5121,0.0009938
710,BLOCK4,5377,0.0009116
711,BLOCK4,5645,0.001028
712,BLOCK4,5927,0.0010098
713,BLOCK4,6223,0.001142
714,BLOCK4,6534,0.0013168
715,BLOCK4,6860,0.0012706
716,BLOCK4,7202,0.001499
717,BLOCK4,7562,0.0014646
718,BLOCK4,7940,0.0013104
719,BLOCK4,8337,0.0015108
720,BLOCK4,8753,0.0016374
721,BLOCK4,9190,0.0016351999999999998
722,BLOCK4,9649,0.001942
723,BLOCK4,10131,0.0017232
724,BLOCK4,10637,0.0021142
725,BLOCK4,11168,0.0020158
726,BLOCK4,11726,0.0021160000000000003
727,BLOCK4,12312,0.0023424
728,BLOCK4,12927,0.0024403999999999997
729,BLOCK4,13573,0.0024786
730,BLOCK4,14251,0.0028172
731,BLOCK4,14963,0.0026428
732,BLOCK4,15711,0.0029638
733,BLOCK4,16496,0.0027514
734,BLOCK4,17320,0.0033923999999999994
735,BLOCK4,18186,0.0033984
736,BLOCK4,19095,0.0032242
737,BLOCK4,20049,0.0033626000000000003
738,BLOCK4,21051,0.0039778
739,BLOCK4,22103,0.0039876
740,BLOCK4,23208,0.0041202
741,BLOCK4,24368,0.0043522
742,BLOCK4,25586,0.004622800000000001
743,BLOCK4,26865,0.005202
744,BLOCK4,28208,0.0054806
745,BLOCK4,29618,0.0053922
746,BLOCK4,31098,0.0061218
747,BLOCK4,32652,0.006392
748,BLOCK4,34284,0.006402199999999999
749,BLOCK4,35998,0.0059632
750,BLOCK4,37797,0.0069353999999999996
751,BLOCK4,39686,0.007412
752,BLOCK4,41670,0.007570199999999999
753,BLOCK4,43753,0.0085522
754,BLOCK4,45940,0.0086444
755,BLOCK4,48236,0.0110788
756,BLOCK4,50647,0.0089432
757,BLOCK4,53179,0.0090792
758,BLOCK4,55837,0.0115978
759,BLOCK4,58628,0.010466
760,BLOCK4,61559,0.0108764
761,BLOCK4,64636,0.0115176
762,BLOCK4,67867,0.013221199999999999
763,BLOCK4,71260,0.0143514
764,BLOCK4,74822,0.0123474
765,BLOCK4,78563,0.0150206
766,BLOCK4,82491,0.014900199999999999
767,BLOCK4,86615,0.0168078
768,BLOCK4,90945,0.0168882
769,BLOCK4,95492,0.0177658
770,BLOCK4,100266,0.0177458
771,BLOCK4,105279,0.0185514
772,BLOCK4,110542,0.022663
773,BLOCK4,116069,0.0206734
774,BLOCK4,121872,0.0206128
775,BLOCK4,127965,0.021711
776,BLOCK4,134363,0.026005
777,BLOCK4,141081,0.0262994
778,BLOCK4,148135,0.027468399999999997
779,BLOCK4,155541,0.0317422
780,BLOCK4,163318,0.0318026
781,BLOCK4,171483,0.034777999999999996
782,BLOCK4,180057,0.0305878
783,BLOCK4,189059,0.0350646
784,BLOCK4,198511,0.042548600000000006
785,BLOCK4,208436,0.046336
786,BLOCK4,218857,0.0389402
787,BLOCK4,229799,0.0446766
788,BLOCK4,241288,0.042885400000000004
789,BLOCK4,253352,0.0449816
790,BLOCK4,266019,0.0494014
791,BLOCK4,279319,0.052181
792,BLOCK4,293284,0.054437
793,BLOCK4,307948,0.06240840000000001
794,BLOCK4,323345,0.0663816
795,BLOCK4,339512,0.0657826
796,BLOCK4,356487,0.069716
797,BLOCK4,374311,0.0816652
798,BLOCK4,393026,0.0733674
799,BLOCK4,412677,0.0850654
800,BLOCK4,433310,0.09190620000000001
801,BLOCK4,454975,0.0963488
802,BLOCK4,477723,0.0907416
803,BLOCK4,501609,0.09812000000000001
804,BLOCK4,526689,0.0977512
805,BLOCK4,553023,0.154966
806,BLOCK4,580674,0.1064458
807,BLOCK4,609707,0.1143104
808,BLOCK4,640192,0.12364820000000001
809,BLOCK4,672201,0.1284976
810,BLOCK4,705811,0.1267382
811,BLOCK4,741101,0.13783499999999999
812,BLOCK4,778156,0.1440492
813,BLOCK4,817063,0.159875
814,BLOCK4,857916,0.1682248
815,BLOCK4,900811,0.183678
816,BLOCK4,945851,0.1756246
817,BLOCK4,993143,0.2023834
818,BLOCK4,1042800,0.1875436
819,BLOCK4,1094940,0.2224654
820,BLOCK4,1149687,0.23166899999999999
821,BLOCK4,1207171,0.22911
822,BLOCK4,1267529,0.2254908
823,BLOCK4,1330905,0.2539762
824,BLOCK4,1397450,0.257532
825,BLOCK4,1467322,0.29066460000000005
826,BLOCK4,1540688,0.2647116
827,BLOCK4,1617722,0.2941132
828,BLOCK4,1698608,0.3271314
829,BLOCK4,1783538,0.3535798
830,BLOCK4,1872714,0.33994
831,BLOCK4,1966349,0.36766
832,BLOCK4,2064666,0.3826132
833,BLOCK4,2167899,0.4210376
834,BLOCK4,2276293,0.4347316
835,BLOCK4,2390107,0.4194748
836,BLOCK4,2509612,0.4674276
837,BLOCK4,2635092,0.5202274
838,BLOCK4,2766846,0.5191456000000001
839,BLOCK4,2905188,0.537837
840,BLOCK4,3050447,0.5347248
841,BLOCK4,3202969,0.5778323999999999
842,BLOCK4,3363117,0.6364536000000001
843,BLOCK4,3531272,0.7048949999999999
844,BLOCK4,3707835,0.7010959999999999
845,BLOCK4,3893226,0.7334074
846,BLOCK4,4087887,0.7687782000000001
847,BLOCK4,4292281,0.7532411999999999
848,BLOCK4,4506895,0.8858344
849,BLOCK4,4732239,0.9201076
850,BLOCK4,4968850,0.9292212
851,BLOCK4,5217292,0.9639268
852,BLOCK4,5478156,1.0503742
853,BLOCK4,5752063,1.0238982
854,BLOCK4,6039666,1.1222948000000001
855,BLOCK4,6341649,1.2061616000000002
856,BLOCK4,6658731,1.4484798
857,BLOCK4,6991667,1.4042486
858,BLOCK4,7341250,1.3892426
859,BLOCK4,7708312,1.5009492
860,BLOCK4,8093727,1.5191748
861,BLOCK4,8498413,1.595091
862,BLOCK4,8923333,1.7886853999999999
863,BLOCK4,9369499,1.7531303999999999
864,BLOCK4,9837973,1.8594148000000001
865,BLOCK4,10329871,2.1311348000000003
866,BLOCK4,10846364,2.0878716
867,BLOCK4,11388682,2.1100956
868,BLOCK4,11958116,2.1957832
869,BLOCK4,12556021,2.5303094
870,BLOCK4,13183822,2.4230696000000003
871,BLOCK4,13843013,2.7372882
872,BLOCK4,14535163,2.8318664
873,BLOCK4,15261921,2.9038671999999996
874,BLOCK4,16025017,3.1049238
875,BLOCK4,16826267,3.293985
876,BLOCK4,17667580,3.3204700000000003
877,BLOCK4,18550958,3.4970086
878,BLOCK4,19478505,3.852959
879,BLOCK4,20452430,4.0609232
880,BLOCK4,21475051,4.094669000000001
881,BLOCK4,22548803,4.2300522
882,BLOCK4,23676243,4.710884
883,BLOCK4,24860055,4.696795
884,BLOCK4,26103057,4.9886376
885,BLOCK4,27408209,5.568249
886,BLOCK4,28778619,5.6165166
887,BLOCK4,30217549,6.036790999999999
888,BLOCK4,31728426,6.2249108
889,BLOCK4,33314847,6.4946188000000005
890,BLOCK4,34980589,6.610686800000001
891,BLOCK4,36729618,7.0953994
892,BLOCK4,38566098,7.385959
893,BLOCK4,40494402,7.9079353999999995
894,BLOCK4,42519122,7.990231799999999
895,BLOCK4,44645078,8.5352686
896,BLOCK4,46877331,8.9073546
897,BLOCK4,49221197,9.4165752
898,BLOCK4,51682256,10.1168128
899,BLOCK4,54266368,10.4263792
900,BLOCK4,56979686,10.6505262
901,BLOCK4,59828670,11.5585968
902,BLOCK4,62820103,13.2042734
903,BLOCK4,65961108,12.476979199999999
904,BLOCK4,69259163,13.4344054
905,BLOCK4,72722121,13.707625000000002
906,BLOCK4,76358227,14.4234294
907,BLOCK4,80176138,14.954316
908,BLOCK4,84184944,17.2933356
909,BLOCK4,88394191,17.045014000000002
910,BLOCK4,92813900,18.152579600000003
911,BLOCK4,97454594,18.657942600000002
912,BLOCK8,10,0.00011020000000000001
913,BLOCK8,15,0.00013220000000000001
914,BLOCK8,20,0.0001482
915,BLOCK8,25,0.00010020000000000001
916,BLOCK8,30,0.0001
917,BLOCK8,35,0.0001286
918,BLOCK8,40,8.999999999999999e-05
919,BLOCK8,45,0.00010220000000000002
920,BLOCK8,50,0.00010639999999999998
921,BLOCK8,55,0.00010020000000000001
922,BLOCK8,60,0.00010020000000000001
923,BLOCK8,65,0.000108
924,BLOCK8,70,7.04e-05
925,BLOCK8,75,0.00010020000000000001
926,BLOCK8,80,8.420000000000001e-05
927,BLOCK8,85,0.0001162
928,BLOCK8,90,0.0001142
929,BLOCK8,95,8.82e-05
930,BLOCK8,100,9.4e-05
931,BLOCK8,105,0.0001562
932,BLOCK8,110,9.62e-05
933,BLOCK8,115,0.00010400000000000001
934,BLOCK8,120,8.400000000000001e-05
935,BLOCK8,125,9.6e-05
936,BLOCK8,131,0.0001
937,BLOCK8,137,0.000104
938,BLOCK8,143,9.42e-05
939,BLOCK8,150,9.24e-05
940,BLOCK8,157,9.02e-05
941,BLOCK8,164,8.82e-05
942,BLOCK8,172,0.00012820000000000003
943,BLOCK8,180,0.0001026
944,BLOCK8,188,0.00014419999999999998
945,BLOCK8,197,9.400000000000001e-05
946,BLOCK8,206,0.0001604
947,BLOCK8,216,0.00010640000000000001
948,BLOCK8,226,0.00011200000000000001
949,BLOCK8,237,0.0001202
950,BLOCK8,248,9.84e-05
951,BLOCK8,260,0.00011460000000000001
952,BLOCK8,272,0.0001222
953,BLOCK8,285,0.00019020000000000002
954,BLOCK8,299,0.00013240000000000002
955,BLOCK8,313,0.0001304
956,BLOCK8,328,0.00013419999999999998
957,BLOCK8,344,0.000116
958,BLOCK8,361,0.0001106
959,BLOCK8,379,0.00011640000000000001
960,BLOCK8,397,0.0001462
961,BLOCK8,416,0.0001344
962,BLOCK8,436,0.0001382
963,BLOCK8,457,0.00016999999999999999
964,BLOCK8,479,0.000136
965,BLOCK8,502,0.00017240000000000002
966,BLOCK8,527,0.00020439999999999998
967,BLOCK8,553,0.0002144
968,BLOCK8,580,0.0001804
969,BLOCK8,609,0.0002182
970,BLOCK8,639,0.000182
971,BLOCK8,670,0.00022040000000000002
972,BLOCK8,703,0.0002582
973,BLOCK8,738,0.0002324
974,BLOCK8,774,0.00022240000000000004
975,BLOCK8,812,0.00025640000000000005
976,BLOCK8,852,0.0002306
977,BLOCK8,894,0.0002144
978,BLOCK8,938,0.0002666
979,BLOCK8,984,0.0002402
980,BLOCK8,1033,0.00032460000000000003
981,BLOCK8,1084,0.0002868
982,BLOCK8,1138,0.0003308
983,BLOCK8,1194,0.0003504
984,BLOCK8,1253,0.0003402
985,BLOCK8,1315,0.0004068
986,BLOCK8,1380,0.0003668
987,BLOCK8,1448,0.0004306
988,BLOCK8,1520,0.00042300000000000004
989,BLOCK8,1596,0.000411
990,BLOCK8,1675,0.0004006
991,BLOCK8,1758,0.0003926
992,BLOCK8,1845,0.00048300000000000003
993,BLOCK8,1937,0.000539
994,BLOCK8,2033,0.000581
995,BLOCK8,2134,0.0004868
996,BLOCK8,2240,0.0005589999999999999
997,BLOCK8,2351,0.0006012
998,BLOCK8,2468,0.0006834
999,BLOCK8,2591,0.0006654
1000,BLOCK8,2720,0.0006349999999999999
1001,BLOCK8,2856,0.0006492
1002,BLOCK8,2998,0.0007513999999999999
1003,BLOCK8,3147,0.0006992
1004,BLOCK8,3304,0.0007896
1005,BLOCK8,3469,0.0008237999999999999
1006,BLOCK8,3642,0.0009400000000000001
1007,BLOCK8,3824,0.0009358
1008,BLOCK8,4015,0.000936
1009,BLOCK8,4215,0.0009238
1010,BLOCK8,4425,0.0010019999999999999
1011,BLOCK8,4646,0.0011502
1012,BLOCK8,4878,0.001098
1013,BLOCK8,5121,0.0012102
1014,BLOCK8,5377,0.0013104
1015,BLOCK8,5645,0.0012044
1016,BLOCK8,5927,0.0014426
1017,BLOCK8,6223,0.001435
1018,BLOCK8,6534,0.001509
1019,BLOCK8,6860,0.0015088
1020,BLOCK8,7202,0.0016892
1021,BLOCK8,7562,0.001601
1022,BLOCK8,7940,0.0017573999999999999
1023,BLOCK8,8337,0.0018292
1024,BLOCK8,8753,0.00209
1025,BLOCK8,9190,0.0020012
1026,BLOCK8,9649,0.002094
1027,BLOCK8,10131,0.0021420000000000002
1028,BLOCK8,10637,0.0021962
1029,BLOCK8,11168,0.0025352
1030,BLOCK8,11726,0.0025386
1031,BLOCK8,12312,0.0025308
1032,BLOCK8,12927,0.0027654000000000003
1033,BLOCK8,13573,0.0029294
1034,BLOCK8,14251,0.0029595999999999997
1035,BLOCK8,14963,0.0033644
1036,BLOCK8,15711,0.0033724
1037,BLOCK8,16496,0.0037694
1038,BLOCK8,17320,0.0035808
1039,BLOCK8,18186,0.0041478
1040,BLOCK8,19095,0.0039154
1041,BLOCK8,20049,0.0047292
1042,BLOCK8,21051,0.0047268
1043,BLOCK8,22103,0.0049872
1044,BLOCK8,23208,0.0053381999999999995
1045,BLOCK8,24368,0.0052042
1046,BLOCK8,25586,0.0057346
1047,BLOCK8,26865,0.006304
1048,BLOCK8,28208,0.006288
1049,BLOCK8,29618,0.0066444
1050,BLOCK8,31098,0.0069592000000000005
1051,BLOCK8,32652,0.007742799999999999
1052,BLOCK8,34284,0.0091976
1053,BLOCK8,35998,0.0080494
1054,BLOCK8,37797,0.008799
1055,BLOCK8,39686,0.0092534
1056,BLOCK8,41670,0.0093278
1057,BLOCK8,43753,0.0097202
1058,BLOCK8,45940,0.0102094
1059,BLOCK8,48236,0.009760399999999999
1060,BLOCK8,50647,0.010915
1061,BLOCK8,53179,0.01075
1062,BLOCK8,55837,0.012573999999999998
1063,BLOCK8,58628,0.013190799999999999
1064,BLOCK8,61559,0.0145776
1065,BLOCK8,64636,0.015024599999999999
1066,BLOCK8,67867,0.0157638
1067,BLOCK8,71260,0.0165354
1068,BLOCK8,74822,0.0166474
1069,BLOCK8,78563,0.0174392
1070,BLOCK8,82491,0.018386599999999996
1071,BLOCK8,86615,0.0174752
1072,BLOCK8,90945,0.021312599999999998
1073,BLOCK8,95492,0.0212584
1074,BLOCK8,100266,0.0202506
1075,BLOCK8,105279,0.0223162
1076,BLOCK8,110542,0.026568200000000004
1077,BLOCK8,116069,0.025736799999999997
1078,BLOCK8,121872,0.0245888
1079,BLOCK8,127965,0.027099400000000003
1080,BLOCK8,134363,0.029887000000000004
1081,BLOCK8,141081,0.0356374
1082,BLOCK8,148135,0.0318886
1083,BLOCK8,155541,0.0347678
1084,BLOCK8,163318,0.0363346
1085,BLOCK8,171483,0.038302199999999995
1086,BLOCK8,180057,0.0438792
1087,BLOCK8,189059,0.0441134
1088,BLOCK8,198511,0.0459706
1089,BLOCK8,208436,0.0420394
1090,BLOCK8,218857,0.050439599999999994
1091,BLOCK8,229799,0.0509044
1092,BLOCK8,241288,0.057147
1093,BLOCK8,253352,0.0536258
1094,BLOCK8,266019,0.058759399999999996
1095,BLOCK8,279319,0.0621114
1096,BLOCK8,293284,0.0683978
1097,BLOCK8,307948,0.0657864
1098,BLOCK8,323345,0.0801658
1099,BLOCK8,339512,0.073341
1100,BLOCK8,356487,0.0815564
1101,BLOCK8,374311,0.08130620000000001
1102,BLOCK8,393026,0.09942799999999999
1103,BLOCK8,412677,0.101396
1104,BLOCK8,433310,0.1011436
1105,BLOCK8,454975,0.12038599999999999
1106,BLOCK8,477723,0.1027986
1107,BLOCK8,501609,0.11972279999999999
1108,BLOCK8,526689,0.1220672
1109,BLOCK8,553023,0.1436664
1110,BLOCK8,580674,0.1512904
1111,BLOCK8,609707,0.142885
1112,BLOCK8,640192,0.1547134
1113,BLOCK8,672201,0.1740838
1114,BLOCK8,705811,0.1573942
1115,BLOCK8,741101,0.173501
1116,BLOCK8,778156,0.1867356
1117,BLOCK8,817063,0.1967066
1118,BLOCK8,857916,0.22673740000000003
1119,BLOCK8,900811,0.21719360000000001
1120,BLOCK8,945851,0.23125620000000002
1121,BLOCK8,993143,0.23077940000000002
1122,BLOCK8,1042800,0.24250919999999998
1123,BLOCK8,1094940,0.2588946
1124,BLOCK8,1149687,0.2633462
1125,BLOCK8,1207171,0.27942520000000004
1126,BLOCK8,1267529,0.2905124
1127,BLOCK8,1330905,0.2984556
1128,BLOCK8,1397450,0.3172388
1129,BLOCK8,1467322,0.3600954
1130,BLOCK8,1540688,0.33300260000000004
1131,BLOCK8,1617722,0.3553492
1132,BLOCK8,1698608,0.3667006
1133,BLOCK8,1783538,0.3955632
1134,BLOCK8,1872714,0.4159502
1135,BLOCK8,1966349,0.4623156
1136,BLOCK8,2064666,0.44706060000000003
1137,BLOCK8,2167899,0.503316
1138,BLOCK8,2276293,0.5646718
1139,BLOCK8,2390107,0.587669
1140,BLOCK8,2509612,0.5870102
1141,BLOCK8,2635092,0.5982852000000001
1142,BLOCK8,2766846,0.5827096
1143,BLOCK8,2905188,0.7018616
1144,BLOCK8,3050447,0.671468
1145,BLOCK8,3202969,0.7060534
1146,BLOCK8,3363117,0.7142452
1147,BLOCK8,3531272,0.7481272000000001
1148,BLOCK8,3707835,0.8578633999999999
1149,BLOCK8,3893226,0.8339558
1150,BLOCK8,4087887,0.8990592
1151,BLOCK8,4292281,0.9325988000000001
1152,BLOCK8,4506895,0.9519198
1153,BLOCK8,4732239,0.9853854
1154,BLOCK8,4968850,1.2076976
1155,BLOCK8,5217292,1.1235792
1156,BLOCK8,5478156,1.1789581999999998
1157,BLOCK8,5752063,1.3231456
1158,BLOCK8,6039666,1.2916596
1159,BLOCK8,6341649,1.4191154000000001
1160,BLOCK8,6658731,1.6038678000000002
1161,BLOCK8,6991667,1.6630658
1162,BLOCK8,7341250,1.7239508000000001
1163,BLOCK8,7708312,1.7424902
1164,BLOCK8,8093727,1.8301132
1165,BLOCK8,8498413,1.8419586
1166,BLOCK8,8923333,2.1248506
1167,BLOCK8,9369499,2.1027084
1168,BLOCK8,9837973,2.1402096
1169,BLOCK8,10329871,2.5874394
1170,BLOCK8,10846364,2.3876404
1171,BLOCK8,11388682,2.5442692
1172,BLOCK8,11958116,2.6620046
1173,BLOCK8,12556021,2.941544
1174,BLOCK8,13183822,2.9460576
1175,BLOCK8,13843013,3.0742138
1176,BLOCK8,14535163,3.2226489999999997
1177,BLOCK8,15261921,3.4067354
1178,BLOCK8,16025017,3.8653641999999997
1179,BLOCK8,16826267,3.8586094
1180,BLOCK8,17667580,3.9960408000000003
1181,BLOCK8,18550958,4.1967322
1182,BLOCK8,19478505,4.539532599999999
1183,BLOCK8,20452430,4.5934838
1184,BLOCK8,21475051,4.9747316
1185,BLOCK8,22548803,5.244296
1186,BLOCK8,23676243,5.3805212
1187,BLOCK8,24860055,5.6081902
1188,BLOCK8,26103057,5.9000248
1189,BLOCK8,27408209,6.436398800000001
1190,BLOCK8,28778619,6.526465400000001
1191,BLOCK8,30217549,7.013585000000001
1192,BLOCK8,31728426,7.463665799999999
1193,BLOCK8,33314847,7.6416088
1194,BLOCK8,34980589,8.2353162
1195,BLOCK8,36729618,8.201939
1196,BLOCK8,38566098,8.7025878
1197,BLOCK8,40494402,9.034331
1198,BLOCK8,42519122,9.662176800000001
1199,BLOCK8,44645078,10.2059268
1200,BLOCK8,46877331,11.087258199999999
1201,BLOCK8,49221197,10.9975984
1202,BLOCK8,51682256,11.8230156
1203,BLOCK8,54266368,12.4445324
1204,BLOCK8,56979686,12.8569566
1205,BLOCK8,59828670,13.503759400000002
1206,BLOCK8,62820103,16.5331768
1207,BLOCK8,65961108,14.6617778
1208,BLOCK8,69259163,16.0571666
1209,BLOCK8,72722121,16.802883
1210,BLOCK8,76358227,17.5364404
1211,BLOCK8,80176138,18.412939799999997
1212,BLOCK8,84184944,19.2131294
1213,BLOCK8,88394191,19.5396774
1214,BLOCK8,92813900,21.6331248
1215,BLOCK8,97454594,22.1768754
1216,SINGLE,10,3.0000000000000004e-05
1217,SINGLE,15,4.8e-05
1218,SINGLE,20,3.0000000000000004e-05
1219,SINGLE,25,2.6000000000000002e-05
1220,SINGLE,30,6.42e-05
1221,SINGLE,35,5e-05
1222,SINGLE,40,3.8e-05
1223,SINGLE,45,5.2000000000000004e-05
1224,SINGLE,50,6.220000000000001e-05
1225,SINGLE,55,6.0400000000000004e-05
1226,SINGLE,60,6.42e-05
1227,SINGLE,65,6.6e-05
1228,SINGLE,70,7.2e-05
1229,SINGLE,75,7.2e-05
1230,SINGLE,80,7.599999999999999e-05
1231,SINGLE,85,8.42e-05
1232,SINGLE,90,8.82e-05
1233,SINGLE,95,8.219999999999999e-05
1234,SINGLE,100,8e-05
1235,SINGLE,105,7.8e-05
1236,SINGLE,110,9.02e-05
1237,SINGLE,115,0.00010020000000000001
1238,SINGLE,120,9.620000000000001e-05
1239,SINGLE,125,0.0001144
1240,SINGLE,131,0.00011800000000000001
1241,SINGLE,137,0.00011820000000000001
1242,SINGLE,143,0.00012800000000000002
1243,SINGLE,150,0.0001162
1244,SINGLE,157,0.0001084
1245,SINGLE,164,0.0001346
1246,SINGLE,172,0.0001462
1247,SINGLE,180,0.0001382
1248,SINGLE,188,0.0001628
1249,SINGLE,197,0.0001702
1250,SINGLE,206,0.0001544
1251,SINGLE,216,0.00015240000000000002
1252,SINGLE,226,0.0001984
1253,SINGLE,237,0.0001708
1254,SINGLE,248,0.00024460000000000004
1255,SINGLE,260,0.0002084
1256,SINGLE,272,0.00020679999999999999
1257,SINGLE,285,0.0002144
1258,SINGLE,299,0.00022239999999999998
1259,SINGLE,313,0.0002484
1260,SINGLE,328,0.000212
1261,SINGLE,344,0.00023219999999999998
1262,SINGLE,361,0.0002808
1263,SINGLE,379,0.0002664
1264,SINGLE,397,0.0003006
1265,SINGLE,416,0.0002786
1266,SINGLE,436,0.0003026
1267,SINGLE,457,0.00032859999999999996
1268,SINGLE,479,0.0003444
1269,SINGLE,502,0.000383
1270,SINGLE,527,0.0003768
1271,SINGLE,553,0.0004124
1272,SINGLE,580,0.0003928
1273,SINGLE,609,0.000417
1274,SINGLE,639,0.00045900000000000004
1275,SINGLE,670,0.0005148
1276,SINGLE,703,0.000505
1277,SINGLE,738,0.000477
1278,SINGLE,774,0.0005532
1279,SINGLE,812,0.000593
1280,SINGLE,852,0.000597
1281,SINGLE,894,0.0006490000000000001
1282,SINGLE,938,0.0007094
1283,SINGLE,984,0.0006834
1284,SINGLE,1033,0.0007456
1285,SINGLE,1084,0.0008334
1286,SINGLE,1138,0.0008236000000000001
1287,SINGLE,1194,0.000789
1288,SINGLE,1253,0.0008636
1289,SINGLE,1315,0.0009058
1290,SINGLE,1380,0.0010275999999999998
1291,SINGLE,1448,0.00099
1292,SINGLE,1520,0.0011363999999999999
1293,SINGLE,1596,0.0011740000000000001
1294,SINGLE,1675,0.0010479999999999999
1295,SINGLE,1758,0.0012024
1296,SINGLE,1845,0.00121
1297,SINGLE,1937,0.0013126
1298,SINGLE,2033,0.0013285999999999999
1299,SINGLE,2134,0.0013868
1300,SINGLE,2240,0.001467
1301,SINGLE,2351,0.0014731999999999998
1302,SINGLE,2468,0.0015244
1303,SINGLE,2591,0.0016992
1304,SINGLE,2720,0.0018495999999999999
1305,SINGLE,2856,0.00214
1306,SINGLE,2998,0.0022902
1307,SINGLE,3147,0.0021403999999999998
1308,SINGLE,3304,0.0023286
1309,SINGLE,3469,0.0022584
1310,SINGLE,3642,0.0025708
1311,SINGLE,3824,0.0028154
1312,SINGLE,4015,0.0028374
1313,SINGLE,4215,0.0028554
1314,SINGLE,4425,0.0031282000000000003
1315,SINGLE,4646,0.0031558000000000003
1316,SINGLE,4878,0.0033342000000000003
1317,SINGLE,5121,0.0036547999999999997
1318,SINGLE,5377,0.0037992
1319,SINGLE,5645,0.0038152
1320,SINGLE,5927,0.0041778
1321,SINGLE,6223,0.0042018
1322,SINGLE,6534,0.0044122
1323,SINGLE,6860,0.0050316
1324,SINGLE,7202,0.0050796
1325,SINGLE,7562,0.0053178
1326,SINGLE,7940,0.005125599999999999
1327,SINGLE,8337,0.0058686
1328,SINGLE,8753,0.0061458
1329,SINGLE,9190,0.005923
1330,SINGLE,9649,0.0062234
1331,SINGLE,10131,0.00742
1332,SINGLE,10637,0.0077986
1333,SINGLE,11168,0.0069094000000000004
1334,SINGLE,11726,0.0082536
1335,SINGLE,12312,0.0079512
1336,SINGLE,12927,0.009640399999999999
1337,SINGLE,13573,0.007949000000000001
1338,SINGLE,14251,0.009594
1339,SINGLE,14963,0.011105199999999999
1340,SINGLE,15711,0.011039
1341,SINGLE,16496,0.011586
1342,SINGLE,17320,0.0111472
1343,SINGLE,18186,0.013295399999999999
1344,SINGLE,19095,0.012289600000000001
1345,SINGLE,20049,0.013467799999999999
1346,SINGLE,21051,0.015201200000000002
1347,SINGLE,22103,0.0161544
1348,SINGLE,23208,0.015814
1349,SINGLE,24368,0.0163792
1350,SINGLE,25586,0.0172244
1351,SINGLE,26865,0.018060399999999997
1352,SINGLE,28208,0.0173488
1353,SINGLE,29618,0.0218612
1354,SINGLE,31098,0.0219536
1355,SINGLE,32652,0.021056
1356,SINGLE,34284,0.022095800000000002
1357,SINGLE,35998,0.0232482
1358,SINGLE,37797,0.024310000000000002
1359,SINGLE,39686,0.0255044
1360,SINGLE,41670,0.0271616
1361,SINGLE,43753,0.0320348
1362,SINGLE,45940,0.0323596
1363,SINGLE,48236,0.033858
1364,SINGLE,50647,0.03698
1365,SINGLE,53179,0.041244199999999995
1366,SINGLE,55837,0.035874
1367,SINGLE,58628,0.041096
1368,SINGLE,61559,0.0360142
1369,SINGLE,64636,0.0398634
1370,SINGLE,67867,0.0436348
1371,SINGLE,71260,0.049107200000000004
1372,SINGLE,74822,0.0502514
1373,SINGLE,78563,0.0527702
1374,SINGLE,82491,0.056226399999999996
1375,SINGLE,86615,0.0585604
1376,SINGLE,90945,0.0584106
1377,SINGLE,95492,0.0645744
1378,SINGLE,100266,0.0703272
1379,SINGLE,105279,0.0770058
1380,SINGLE,110542,0.0782322
1381,SINGLE,116069,0.0746598
1382,SINGLE,121872,0.085458
1383,SINGLE,127965,0.0897118
1384,SINGLE,134363,0.0982942
1385,SINGLE,141081,0.0906576
1386,SINGLE,148135,0.0952406
1387,SINGLE,155541,0.0991216
1388,SINGLE,163318,0.12057040000000001
1389,SINGLE,171483,0.1183802
1390,SINGLE,180057,0.13676939999999999
1391,SINGLE,189059,0.132517
1392,SINGLE,198511,0.13960319999999998
1393,SINGLE,208436,0.1338778
1394,SINGLE,218857,0.15680719999999998
1395,SINGLE,229799,0.1642736
1396,SINGLE,241288,0.1739408
1397,SINGLE,253352,0.181614
1398,SINGLE,266019,0.1811992
1399,SINGLE,279319,0.2093586
1400,SINGLE,293284,0.19831400000000002
1401,SINGLE,307948,0.2097754
1402,SINGLE,323345,0.2033632
1403,SINGLE,339512,0.22041719999999998
1404,SINGLE,356487,0.2583276
1405,SINGLE,374311,0.25906900000000005
1406,SINGLE,393026,0.268497
1407,SINGLE,412677,0.2944958
1408,SINGLE,433310,0.2826338
1409,SINGLE,454975,0.3209062
1410,SINGLE,477723,0.3238314
1411,SINGLE,501609,0.3128506
1412,SINGLE,526689,0.351933
1413,SINGLE,553023,0.3714096
1414,SINGLE,580674,0.39425699999999997
1415,SINGLE,609707,0.4034464
1416,SINGLE,640192,0.4399174
1417,SINGLE,672201,0.4404123999999999
1418,SINGLE,705811,0.48880180000000006
1419,SINGLE,741101,0.489734
1420,SINGLE,778156,0.5544901999999999
1421,SINGLE,817063,0.6051846000000001
1422,SINGLE,857916,0.5427702
1423,SINGLE,900811,0.6030484
1424,SINGLE,945851,0.624471
1425,SINGLE,993143,0.6578502
1426,SINGLE,1042800,0.6940568
1427,SINGLE,1094940,0.6946722000000001
1428,SINGLE,1149687,0.7429734
1429,SINGLE,1207171,0.8058398
1430,SINGLE,1267529,0.8600314000000001
1431,SINGLE,1330905,0.8241630000000001
1432,SINGLE,1397450,0.8881304
1433,SINGLE,1467322,0.9951190000000001
1434,SINGLE,1540688,0.9762993999999999
1435,SINGLE,1617722,1.0471356
1436,SINGLE,1698608,1.0904996
1437,SINGLE,1783538,1.1085766
1438,SINGLE,1872714,1.207455
1439,SINGLE,1966349,1.2360796
1440,SINGLE,2064666,1.2892430000000001
1441,SINGLE,2167899,1.4261168
1442,SINGLE,2276293,1.403761
1443,SINGLE,2390107,1.5597384
1444,SINGLE,2509612,1.6173860000000002
1445,SINGLE,2635092,1.6940278
1446,SINGLE,2766846,1.7064274000000001
1447,SINGLE,2905188,1.7548724
1448,SINGLE,3050447,1.8937111999999998
1449,SINGLE,3202969,2.0861818
1450,SINGLE,3363117,2.1990768000000003
1451,SINGLE,3531272,2.2957472
1452,SINGLE,3707835,2.3595256
1453,SINGLE,3893226,2.455699
1454,SINGLE,4087887,2.753305
1455,SINGLE,4292281,2.664303
1456,SINGLE,4506895,2.8150928
1457,SINGLE,4732239,2.9841892000000003
1458,SINGLE,4968850,3.1372664
1459,SINGLE,5217292,3.3727351999999997
1460,SINGLE,5478156,3.371971
1461,SINGLE,5752063,3.7096972
1462,SINGLE,6039666,4.0200282000000005
1463,SINGLE,6341649,3.9464758000000004
1464,SINGLE,6658731,4.4213086
1465,SINGLE,6991667,4.6319578
1466,SINGLE,7341250,4.6572292
1467,SINGLE,7708312,4.9857148
1468,SINGLE,8093727,5.1686186
1469,SINGLE,8498413,5.3270488
1470,SINGLE,8923333,5.5748695999999995
1471,SINGLE,9369499,6.1751684
1472,SINGLE,9837973,6.3455134
1473,SINGLE,10329871,6.7484856
1474,SINGLE,10846364,7.8077428
1475,SINGLE,11388682,7.1402432000000005
1476,SINGLE,11958116,7.6033624
1477,SINGLE,12556021,8.4192608
1478,SINGLE,13183822,8.5032274
1479,SINGLE,13843013,8.5823594
1480,SINGLE,14535163,9.423839
1481,SINGLE,15261921,9.9336146
1482,SINGLE,16025017,10.4848146
1483,SINGLE,16826267,10.9303776
1484,SINGLE,17667580,11.2125904
1485,SINGLE,18550958,11.7246718
1486,SINGLE,19478505,12.5536476
1487,SINGLE,20452430,13.256275400000002
1488,SINGLE,21475051,13.493221
1489,SINGLE,22548803,14.801926599999998
1490,SINGLE,23676243,14.885321200000002
1491,SINGLE,24860055,15.7532642
1492,SINGLE,26103057,16.634970799999998
1493,SINGLE,27408209,17.764557000000003
1494,SINGLE,28778619,18.4010744
1495,SINGLE,30217549,18.9333874
1496,SINGLE,31728426,20.1944332
1497,SINGLE,33314847,22.5014138
1498,SINGLE,34980589,22.7736772
1499,SINGLE,36729618,23.1381348
1500,SINGLE,38566098,24.8498156
1501,SINGLE,40494402,25.3607004
1502,SINGLE,42519122,26.772200399999996
1503,SINGLE,44645078,28.3317184
1504,SINGLE,46877331,30.3294902
1505,SINGLE,49221197,31.0942514
1506,SINGLE,51682256,32.907303999999996
1507,SINGLE,54266368,34.3468638
1508,SINGLE,56979686,35.576599599999994
1509,SINGLE,59828670,38.993666000000005
1510,SINGLE,62820103,39.4328448
1511,SINGLE,65961108,42.7331798
1512,SINGLE,69259163,45.2602194
1513,SINGLE,72722121,49.3547206
1514,SINGLE,76358227,51.642683
1515,SINGLE,80176138,55.232861400000004
1516,SINGLE,84184944,57.4340088
1517,SINGLE,88394191,58.499217
1518,SINGLE,92813900,65.0405626
1519,SINGLE,97454594,68.2342216
1520,VEC_INIT,10,8.208e-05
1521,VEC_INIT,15,7.292e-05
1522,VEC_INIT,20,7.224e-05
1523,VEC_INIT,25,6.408e-05
1524,VEC_INIT,30,6.692e-05
1525,VEC_INIT,35,7.628000000000001e-05
1526,VEC_INIT,40,7.379999999999999e-05
1527,VEC_INIT,45,7.548e-05
1528,VEC_INIT,50,8.504000000000001e-05
1529,VEC_INIT,55,7.888e-05
1530,VEC_INIT,60,8.208e-05
1531,VEC_INIT,65,9.128000000000001e-05
1532,VEC_INIT,70,8.572e-05
1533,VEC_INIT,75,8.26e-05
1534,VEC_INIT,80,8.020000000000001e-05
1535,VEC_INIT,85,9.256000000000001e-05
1536,VEC_INIT,90,8.056e-05
1537,VEC_INIT,95,7.624e-05
1538,VEC_INIT,100,8.580000000000001e-05
1539,VEC_INIT,105,8.124000000000002e-05
1540,VEC_INIT,110,0.00010016
1541,VEC_INIT,115,8.588e-05
1542,VEC_INIT,120,8.620000000000001e-05
1543,VEC_INIT,125,8.492e-05
1544,VEC_INIT,131,9.1e-05
1545,VEC_INIT,137,9.044e-05
1546,VEC_INIT,143,7.7e-05
1547,VEC_INIT,150,9.176e-05
1548,VEC_INIT,157,8.424e-05
1549,VEC_INIT,164,9.620000000000001e-05
1550,VEC_INIT,172,9.128000000000001e-05
1551,VEC_INIT,180,9.124e-05
1552,VEC_INIT,188,8.884000000000001e-05
1553,VEC_INIT,197,9.336e-05
1554,VEC_INIT,206,8.952e-05
1555,VEC_INIT,216,9.148e-05
1556,VEC_INIT,226,9.772e-05
1557,VEC_INIT,237,8.888e-05
1558,VEC_INIT,248,9.380000000000002e-05
1559,VEC_INIT,260,9.408e-05
1560,VEC_INIT,272,9.084e-05
1561,VEC_INIT,285,9.096e-05
1562,VEC_INIT,299,9.620000000000001e-05
1563,VEC_INIT,313,9.384e-05
1564,VEC_INIT,328,9.32e-05
1565,VEC_INIT,344,9.148e-05
1566,VEC_INIT,361,0.00010288
1567,VEC_INIT,379,9.296e-05
1568,VEC_INIT,397,9.832000000000001e-05
1569,VEC_INIT,416,0.00010624
1570,VEC_INIT,436,0.00010932
1571,VEC_INIT,457,0.000105
1572,VEC_INIT,479,0.00010032000000000002
1573,VEC_INIT,502,0.00011136
1574,VEC_INIT,527,0.00010892000000000001
1575,VEC_INIT,553,0.00011504000000000001
1576,VEC_INIT,580,0.00012416
1577,VEC_INIT,609,0.00012056000000000001
1578,VEC_INIT,639,0.00011312000000000001
1579,VEC_INIT,670,0.00012215999999999998
1580,VEC_INIT,703,0.00015176
1581,VEC_INIT,738,0.00013192
1582,VEC_INIT,774,0.00013504
1583,VEC_INIT,812,0.00014404
1584,VEC_INIT,852,0.00013780000000000002
1585,VEC_INIT,894,0.00013828
1586,VEC_INIT,938,0.00014652
1587,VEC_INIT,984,0.00015032
1588,VEC_INIT,1033,0.00015828
1589,VEC_INIT,1084,0.00016544
1590,VEC_INIT,1138,0.00016984
1591,VEC_INIT,1194,0.0001686
1592,VEC_INIT,1253,0.00017648000000000002
1593,VEC_INIT,1315,0.00017912
1594,VEC_INIT,1380,0.00019272
1595,VEC_INIT,1448,0.00019724000000000003
1596,VEC_INIT,1520,0.00019636
1597,VEC_INIT,1596,0.00020444000000000001
1598,VEC_INIT,1675,0.00020392
1599,VEC_INIT,1758,0.00020556
1600,VEC_INIT,1845,0.00022708
1601,VEC_INIT,1937,0.00022752000000000002
1602,VEC_INIT,2033,0.00116676
1603,VEC_INIT,2134,0.0011995999999999999
1604,VEC_INIT,2240,0.0012278
1605,VEC_INIT,2351,0.00119944
1606,VEC_INIT,2468,0.00115224
1607,VEC_INIT,2591,0.00122584
1608,VEC_INIT,2720,0.00125996
1609,VEC_INIT,2856,0.0011974400000000001
1610,VEC_INIT,2998,0.0020550399999999997
1611,VEC_INIT,3147,0.0019164
1612,VEC_INIT,3304,0.0020561999999999998
1613,VEC_INIT,3469,0.00197128
1614,VEC_INIT,3642,0.00196332
1615,VEC_INIT,3824,0.0020972
1616,VEC_INIT,4015,0.00283004
1617,VEC_INIT,4215,0.00274152
1618,VEC_INIT,4425,0.00284784
1619,VEC_INIT,4646,0.00260692
1620,VEC_INIT,4878,0.0027456000000000004
1621,VEC_INIT,5121,0.0035352400000000003
1622,VEC_INIT,5377,0.00343852
1623,VEC_INIT,5645,0.00350044
1624,VEC_INIT,5927,0.0035499599999999996
1625,VEC_INIT,6223,0.00401252
1626,VEC_INIT,6534,0.00433772
1627,VEC_INIT,6860,0.00433824
1628,VEC_INIT,7202,0.005120360000000001
1629,VEC_INIT,7562,0.00498228
1630,VEC_INIT,7940,0.00507644
1631,VEC_INIT,8337,0.00669752
1632,VEC_INIT,8753,0.00686816
1633,VEC_INIT,9190,0.00785864
1634,VEC_INIT,9649,0.00772904
1635,VEC_INIT,10131,0.007743440000000001
1636,VEC_INIT,10637,0.00857692
1637,VEC_INIT,11168,0.00855176
1638,VEC_INIT,11726,0.0089974
1639,VEC_INIT,12312,0.00946732
1640,VEC_INIT,12927,0.01070268
1641,VEC_INIT,13573,0.00962064
1642,VEC_INIT,14251,0.01094556
1643,VEC_INIT,14963,0.01191816
1644,VEC_INIT,15711,0.01295564
1645,VEC_INIT,16496,0.01259336
1646,VEC_INIT,17320,0.01192468
1647,VEC_INIT,18186,0.013495239999999999
1648,VEC_INIT,19095,0.014311480000000001
1649,VEC_INIT,20049,0.01507484
1650,VEC_INIT,21051,0.01593708
1651,VEC_INIT,22103,0.01653976
1652,VEC_INIT,23208,0.01831812
1653,VEC_INIT,24368,0.01857396
1654,VEC_INIT,25586,0.02095052
1655,VEC_INIT,26865,0.022274560000000002
1656,VEC_INIT,28208,0.02216992
1657,VEC_INIT,29618,0.0236156
1658,VEC_INIT,31098,0.024206599999999998
1659,VEC_INIT,32652,0.02708548
1660,VEC_INIT,34284,0.029493839999999997
1661,VEC_INIT,35998,0.02838168
1662,VEC_INIT,37797,0.0306004
1663,VEC_INIT,39686,0.032123
1664,VEC_INIT,41670,0.03463088
1665,VEC_INIT,43753,0.03528928
1666,VEC_INIT,45940,0.0372466
1667,VEC_INIT,48236,0.03758676
1668,VEC_INIT,50647,0.04104768
1669,VEC_INIT,53179,0.04539812000000001
1670,VEC_INIT,55837,0.046621680000000006
1671,VEC_INIT,58628,0.04648804
1672,VEC_INIT,61559,0.050844440000000005
1673,VEC_INIT,64636,0.05189588
1674,VEC_INIT,67867,0.0528702
1675,VEC_INIT,71260,0.06138904
1676,VEC_INIT,74822,0.05532244
1677,VEC_INIT,78563,0.05877252
1678,VEC_INIT,82491,0.06317648000000001
1679,VEC_INIT,86615,0.06858988
1680,VEC_INIT,90945,0.07372324
1681,VEC_INIT,95492,0.07415975999999999
1682,VEC_INIT,100266,0.07443179999999999
1683,VEC_INIT,105279,0.08778648
1684,VEC_INIT,110542,0.10431444000000001
1685,VEC_INIT,116069,0.08843716
1686,VEC_INIT,121872,0.09189836
1687,VEC_INIT,127965,0.0967148
1688,VEC_INIT,134363,0.10679268
1689,VEC_INIT,141081,0.10860744
1690,VEC_INIT,148135,0.10690087999999999
1691,VEC_INIT,155541,0.13688204
1692,VEC_INIT,163318,0.13649892
1693,VEC_INIT,171483,0.14274488
1694,VEC_INIT,180057,0.14270424
1695,VEC_INIT,189059,0.1441952
1696,VEC_INIT,198511,0.15049888
1697,VEC_INIT,208436,0.15863372
1698,VEC_INIT,218857,0.17353580000000002
1699,VEC_INIT,229799,0.18531308
1700,VEC_INIT,241288,0.19123344
1701,VEC_INIT,253352,0.18473396
1702,VEC_INIT,266019,0.21834164
1703,VEC_INIT,279319,0.23102572000000002
1704,VEC_INIT,293284,0.23273896
1705,VEC_INIT,307948,0.24967915999999998
1706,VEC_INIT,323345,0.26579408
1707,VEC_INIT,339512,0.28246912
1708,VEC_INIT,356487,0.32508172
1709,VEC_INIT,374311,0.32173636
1710,VEC_INIT,393026,0.34005504000000003
1711,VEC_INIT,412677,0.368273
1712,VEC_INIT,433310,0.34765031999999996
1713,VEC_INIT,454975,0.3919468
1714,VEC_INIT,477723,0.43672496000000005
1715,VEC_INIT,501609,0.43497944000000005
1716,VEC_INIT,526689,0.44570824000000003
1717,VEC_INIT,553023,0.40862812
1718,VEC_INIT,580674,0.44797952
1719,VEC_INIT,609707,0.47469224
1720,VEC_INIT,640192,0.46418731999999996
1721,VEC_INIT,672201,0.50756124
1722,VEC_INIT,705811,0.46101152
1723,VEC_INIT,741101,0.41644696
1724,VEC_INIT,778156,0.4949308
1725,VEC_INIT,817063,0.56546752
1726,VEC_INIT,857916,0.46513911999999996
1727,VEC_INIT,900811,0.5612809599999999
1728,VEC_INIT,945851,0.53594584
1729,VEC_INIT,993143,0.60112
1730,VEC_INIT,1042800,0.56306612
1731,VEC_INIT,1094940,0.553801
1732,VEC_INIT,1149687,0.57717372
1733,VEC_INIT,1207171,0.56317884
1734,VEC_INIT,1267529,0.54162148
1735,VEC_INIT,1330905,0.69664652
1736,VEC_INIT,1397450,0.5860116
1737,VEC_INIT,1467322,0.59039876
1738,VEC_INIT,1540688,0.6822368400000001
1739,VEC_INIT,1617722,0.7033706
1740,VEC_INIT,1698608,0.71303908
1741,VEC_INIT,1783538,0.65850564
1742,VEC_INIT,1872714,0.76059768
1743,VEC_INIT,1966349,0.7606337999999999
1744,VEC_INIT,2064666,0.7353401599999999
1745,VEC_INIT,2167899,0.70556416
1746,VEC_INIT,2276293,0.79913184
1747,VEC_INIT,2390107,0.79812848
1748,VEC_INIT,2509612,0.85888508
1749,VEC_INIT,2635092,0.8720983200000001
1750,VEC_INIT,2766846,0.9190757599999999
1751,VEC_INIT,2905188,1.02347456
1752,VEC_INIT,3050447,1.18285528
1753,VEC_INIT,3202969,1.05981328
1754,VEC_INIT,3363117,1.14871208
1755,VEC_INIT,3531272,1.2857024400000001
1756,VEC_INIT,3707835,1.26282356
1757,VEC_INIT,3893226,1.28225776
1758,VEC_INIT,4087887,1.4644194400000001
1759,VEC_INIT,4292281,1.58879044
1760,VEC_INIT,4506895,1.69238076
1761,VEC_INIT,4732239,1.6369843599999998
1762,VEC_INIT,4968850,1.76632872
1763,VEC_INIT,5217292,1.80211792
1764,VEC_INIT,5478156,1.96035068
1765,VEC_INIT,5752063,2.11740496
1766,VEC_INIT,6039666,2.20022456
1767,VEC_INIT,6341649,2.3284782
1768,VEC_INIT,6658731,2.60611024
1769,VEC_INIT,6991667,2.73316992
1770,VEC_INIT,7341250,2.78543092
1771,VEC_INIT,7708312,2.8772612800000004
1772,VEC_INIT,8093727,3.03115288
1773,VEC_INIT,8498413,3.08563424
1774,VEC_INIT,8923333,3.2912752
1775,VEC_INIT,9369499,3.52728612
1776,VEC_INIT,9837973,3.67052388
1777,VEC_INIT,10329871,3.93204416
1778,VEC_INIT,10846364,4.21225876
1779,VEC_INIT,11388682,4.2954066
1780,VEC_INIT,11958116,4.445540439999999
1781,VEC_INIT,12556021,4.94193016
1782,VEC_INIT,13183822,4.95172188
1783,VEC_INIT,13843013,5.33102348
1784,VEC_INIT,14535163,5.55601104
1785,VEC_INIT,15261921,5.844556720000001
1786,VEC_INIT,16025017,6.10481616
1787,VEC_INIT,16826267,6.28971768
1788,VEC_INIT,17667580,6.659622440000001
1789,VEC_INIT,18550958,7.03654184
1790,VEC_INIT,19478505,8.112857159999999
1791,VEC_INIT,20452430,7.960602280000001
1792,VEC_INIT,21475051,8.17547132
1793,VEC_INIT,22548803,8.70707808
1794,VEC_INIT,23676243,9.081651319999999
1795,VEC_INIT,24860055,9.81140468
1796,VEC_INIT,26103057,10.32891588
1797,VEC_INIT,27408209,11.03463152
1798,VEC_INIT,28778619,11.013653999999999
1799,VEC_INIT,30217549,11.71879612
1800,VEC_INIT,31728426,12.41448448
1801,VEC_INIT,33314847,13.043121679999999
1802,VEC_INIT,34980589,13.68388236
1803,VEC_INIT,36729618,14.24925064
1804,VEC_INIT,38566098,14.93109128
1805,VEC_INIT,40494402,15.73458304
1806,VEC_INIT,42519122,16.50244216
1807,VEC_INIT,44645078,17.33644304
1808,VEC_INIT,46877331,20.20126648
1809,VEC_INIT,49221197,19.41409924
1810,VEC_INIT,51682256,20.287524
1811,VEC_INIT,54266368,21.6837034
1812,VEC_INIT,56979686,22.59606652
1813,VEC_INIT,59828670,23.80532012
1814,VEC_INIT,62820103,27.9992262
1815,VEC_INIT,65961108,25.57147536
1816,VEC_INIT,69259163,29.43910984
1817,VEC_INIT,72722121,32.43145672
1818,VEC_INIT,76358227,29.72741832
1819,VEC_INIT,80176138,33.493765239999995
1820,VEC_INIT,84184944,32.95826044
1821,VEC_INIT,88394191,34.21752052
1822,VEC_INIT,92813900,38.23792988
1823,VEC_INIT,97454594,39.00353444
